{

"entity.creeper.primed": {"replace":true, "sounds": ["random/fuse_creeper"]},
"entity.egg.throw": {"replace":true, "sounds": ["random/egg_throw"]},
"entity.experience_bottle.throw": {"replace":true, "sounds": ["random/egg_throw"]},
"entity.splash_potion.throw": {"replace":true, "sounds": ["random/egg_throw"]},
"entity.lingering_potion.throw": {"replace":true, "sounds": ["random/egg_throw"]},
"entity.ender_pearl.throw": {"replace":true, "sounds": ["random/egg_throw"]},
"entity.snow_golem.shoot": {"replace":true, "sounds": ["random/egg_throw"]},
"entity.snowball.throw": {"replace":true, "sounds": ["random/egg_throw"]},
"entity.villager.ambient": {"replace":true, "sounds": ["mob/villager/idle1", "mob/villager/idle2", "mob/villager/idle3", "mob/villager/blank", "mob/villager/blank", "mob/villager/blank", "mob/villager/blank", "mob/villager/blank", "mob/villager/blank", "mob/villager/blank", "mob/villager/blank", "mob/villager/blank", "mob/villager/blank", "mob/villager/blank"]},
"entity.villager.hurt": {"replace":true, "sounds": ["mob/villager/hit1", "mob/villager/hit2", "mob/villager/death", "mob/villager/hit3", "mob/villager/hit3", "mob/villager/hit3"]},
"entity.player.attack.strong": {"replace":true, "sounds": ["entity/player/attack/strong"]},
"entity.player.attack.crit": {"replace":true, "sounds": ["entity/player/attack/crit"]},
"entity.player.attack.sweep": {"replace":true, "sounds": ["entity/player/attack/sweep"]},
"entity.player.attack.knockback": {"replace":true, "sounds": ["entity/player/attack/knockback"]},
"entity.ghast.ambient": {"replace":true, "sounds": ["mob/ghast/moan1", "mob/ghast/moan2", "mob/villager/blank", "mob/villager/blank"]},
"entity.ghast.hurt": {"replace":true, "sounds": ["mob/ghast/scream1", "mob/ghast/scream2"]},
"entity.ghast.death": {"replace":true, "sounds": ["mob/ghast/death", "mob/ghast/scream1", "mob/ghast/scream2", "mob/ghast/death2"]},
"entity.creeper.death": {"replace":true, "sounds": ["mob/creeper/say1", "mob/illager/72_virgins"]},
"entity.creeper.hurt": {"replace":true, "sounds": ["mob/creeper/say1", "mob/creeper/say1", "mob/creeper/say2"]},
"entity.chicken.ambient": {"replace":true, "sounds": ["mob/chicken/say1", "mob/chicken/say2", "mob/villager/blank", "mob/villager/blank", "mob/villager/blank", "mob/villager/blank"]},
"entity.chicken.hurt": {"replace":true, "sounds": ["mob/chicken/hurt1"]},
"entity.chicken.death": {"replace":true, "sounds": ["mob/chicken/hurt1"]},
"entity.skeleton.ambient": {"replace":true, "sounds": ["mob/skeleton/say1", "mob/skeleton/say2"]},
"entity.skeleton.hurt": {"replace":true, "sounds": ["mob/skeleton/hurt1", "mob/skeleton/hurt2"]},
"entity.skeleton.step": {"replace":true, "sounds": ["mob/skeleton/step1", "mob/skeleton/step2"]},
"entity.villager.no": {"replace":true, "sounds": ["mob/villager/no1", "mob/villager/death", "mob/villager/hit3"]},
"entity.villager.yes": {"replace":true, "sounds": ["mob/villager/yes1", "mob/villager/yes2"]},
"entity.villager.trade": {"replace":true, "sounds": ["mob/villager/haggle1", "mob/villager/haggle2"]},
"entity.enderman.ambient": {"replace":true, "sounds": ["mob/endermen/idle1", "mob/endermen/idle2", "mob/endermen/idle2", "mob/endermen/idle3", "mob/endermen/idle4", "mob/endermen/idle5", "mob/endermen/idle6", "mob/villager/blank", "mob/villager/blank", "mob/villager/blank", "mob/villager/blank", "mob/villager/blank", "mob/villager/blank", "mob/villager/blank", "mob/villager/blank", "mob/villager/blank", "mob/villager/blank", "mob/villager/blank", "mob/villager/blank", "mob/villager/blank", "mob/villager/blank", "mob/villager/blank", "mob/villager/blank", "mob/villager/blank", "mob/villager/blank"]},
"entity.enderman.hurt": {"replace":true, "sounds": ["mob/endermen/hit1", "mob/endermen/hit2", "mob/endermen/hit2", "mob/endermen/hit3", "mob/endermen/scream1", "mob/endermen/scream2", "mob/endermen/scream3", "mob/endermen/scream4"]},
"entity.cow.ambient": {"sounds": ["mob/cow/oot_cow", "mob/cow/oot_cow", "mob/villager/blank", "mob/villager/blank"]},
"entity.zombie_villager.hurt": {"replace":true, "sounds": ["mob/villager/hit1", "mob/villager/hit2", "mob/villager/death", "mob/villager/hit3", "mob/villager/hit3", "mob/villager/hit3"]},
"entity.zombie_villager.ambient": {"replace":true, "sounds": ["mob/villager/idle1", "mob/villager/idle2", "mob/villager/idle3", "mob/villager/blank", "mob/villager/blank"]},
"entity.zombie_villager.death": {"replace":true, "sounds": ["mob/villager/death"]},
"entity.arrow.hit": {"replace":true, "sounds": ["mob/random/bowhit"]},
"entity.endermen.stare": {"replace":true, "sounds": ["mob/endermen/stare", "mob/endermen/stare2"]},
"entity.zombie_pigman.ambient": {"replace":true, "sounds": ["mob/zombiepig/zpig1", "mob/zombiepig/zpig2"]},
"entity.zombie_pigman.angry": {"replace":true, "sounds": ["mob/zombiepig/zpigangry1", "mob/zombiepig/zpigangry2"]},
"entity.phantom.swoop": {"replace":true, "sounds": ["mob/phantom/swoop1", "mob/phantom/swoop2"]},
"entity.phantom.bite": {"replace":true, "sounds": ["mob/phantom/bite1"]},
"item.crossbow.loading_middle": {"replace":true, "sounds": ["item/crossbow/loading_middle1"]},
"item.crossbow.shoot": {"replace":true, "sounds": ["item/crossbow/shoot1"]},
"item.crossbow.quick_charge_1": {"replace":true, "sounds": ["item/crossbow/quick_charge/quick1_1"]},
"item.crossbow.quick_charge_2": {"replace":true, "sounds": ["item/crossbow/quick_charge/quick2_1"]},
"item.crossbow.quick_charge_3": {"replace":true, "sounds": ["item/crossbow/quick_charge/quick3_1"]},
"entity.vindicator.ambient": {"replace":true, "sounds": ["mob/illager/allahuakbar1", "mob/illager/allahuakbar2", "mob/illager/allahuakbar3", "mob/illager/allahuakbar4", "mob/villager/blank", "mob/villager/blank", "mob/villager/blank", "mob/villager/blank", "mob/villager/blank"]},
"entity.vindicator.celebrate": {"replace":true, "sounds": ["mob/illager/allahuakbar1", "mob/illager/allahuakbar5", "mob/villager/blank"]},
"entity.vindicator.death": {"replace":true, "sounds": ["mob/creeper/say1", "mob/creeper/say2", "mob/illager/72_virgins"]},
"entity.vindicator.hurt": {"replace":true, "sounds": ["mob/creeper/say1", "mob/creeper/say2"]},
"entity.pillager.ambient": {"replace":true, "sounds": ["mob/illager/allahuakbar1", "mob/illager/allahuakbar2", "mob/illager/allahuakbar3", "mob/illager/allahuakbar4", "mob/illager/freepalestine", "mob/villager/blank", "mob/villager/blank", "mob/villager/blank", "mob/villager/blank", "mob/villager/blank"]},
"entity.pillager.hurt": {"replace":true, "sounds": ["mob/creeper/say1", "mob/creeper/say2"]},
"entity.pillager.celebrate": {"replace":true, "sounds": ["mob/illager/allahuakbar1", "mob/illager/allahuakbar5", "mob/illager/freepalestine"]},
"entity.pillager.death": {"replace":true, "sounds": ["mob/creeper/say1", "mob/creeper/say2", "mob/illager/72_virgins"]},
"entity.evoker.ambient": {"replace":true, "sounds": ["mob/illager/allahuakbar1", "mob/illager/allahuakbar2", "mob/illager/allahuakbar3", "mob/illager/allahuakbar4", "mob/villager/blank", "mob/villager/blank", "mob/villager/blank", "mob/villager/blank", "mob/villager/blank"]},
"entity.evoker.celebrate": {"replace":true, "sounds": ["mob/illager/allahuakbar1", "mob/illager/72_virgins"]},
"entity.evoker.death": {"replace":true, "sounds": ["mob/illager/72_virgins", "mob/creeper/say1", "mob/creeper/say2"]},
"entity.evoker.hurt": {"replace":true, "sounds": ["mob/illager/72_virgins", "mob/creeper/say1", "mob/creeper/say2"]},
"entity.evoker.prepare_attack": {"replace":true, "sounds": ["mob/illager/saleel", "mob/illager/nasheed"]},
"entity.evoker.prepare_summon": {"replace":true, "sounds": ["mob/illager/saleel", "mob/illager/nasheed"]},
"entity.evoker.prepare_wololo": {"replace":true, "sounds": ["mob/illager/saleel", "mob/illager/nasheed"]},
"entity.generic.hurt": {"replace":true, "sounds": ["damage/hit"]},
"entity.stray.hurt": {"replace":true, "sounds": ["mob/stray/hurt1", "mob/stray/hurt2", "mob/stray/hurt3"]}

}