{
    "parent": "item/generated",
    "textures": {
        "layer0": "item/music_disc_11"
    },
    "overrides": [
        {
            "predicate": {
                "custom_model_data": 1
            },
            "model": "item/music_disc_laserdisc"
        },
        {
            "predicate": {
                "custom_model_data": 2
            },
            "model": "item/music_disc_nobody"
        },
        {
            "predicate": {
                "custom_model_data": 3
            },
            "model": "item/music_disc_coolin"
        },
        {
            "predicate": {
                "custom_model_data": 4
            },
            "model": "item/music_disc_digitaldrumming"
        },
        {
            "predicate": {
                "custom_model_data": 5
            },
            "model": "item/music_disc_radicalrails"
        },
        {
            "predicate": {
                "custom_model_data": 6
            },
            "model": "item/music_disc_blendingin"
        },
        {
            "predicate": {
                "custom_model_data": 7
            },
            "model": "item/music_disc_pillaged"
        },
        {
            "predicate": {
                "custom_model_data": 8
            },
            "model": "item/music_disc_fortstress"
        },
        {
            "predicate": {
                "custom_model_data": 9
            },
            "model": "item/music_disc_distantlibrary"
        }
    ]
}