{
"music_disc.Dyzop - LaserDisc": {
    "sounds": [
        {
            "name": "records/Dyzop - LaserDisc",
            "stream": true
        }
    ]
},

"music_disc.Dyzop - nobody.": {
    "sounds": [
        {
            "name": "records/Dyzop - nobody.",
            "stream": true
        }
    ]
},

"music_disc.Dyzop - Coolin'": {
    "sounds": [
        {
            "name": "records/Dyzop - Coolin'",
            "stream": true
        }
    ]
},

"music_disc.Dyzop - Digital Drumming": {
    "sounds": [
        {
            "name": "records/Dyzop - Digital Drumming",
            "stream": true
        }
    ]
},

"music_disc.DJ Kychu - Radical Rails": {
    "sounds": [
        {
            "name": "records/DJ Kychu - Radical Rails",
            "stream": true
        }
    ]
},

"music_disc.DJ Kychu - Blending In": {
    "sounds": [
        {
            "name": "records/DJ Kychu - Blending In",
            "stream": true
        }
    ]
},

"music_disc.JamiesName - Pillaged": {
    "sounds": [
        {
            "name": "records/JamiesName - Pillaged",
            "stream": true
        }
    ]
},

"music_disc.bling bling - Fort-Stress": {
    "sounds": [
        {
            "name": "records/bling bling - Fort-Stress",
            "stream": true
        }
    ]
},

"music_disc.M3TA - no": {
    "sounds": [
        {
            "name": "records/M3TA - no",
            "stream": true
        }
    ]
}
}