{
    "parent": "item/generated",
    "textures": {
        "layer0": "item/music_disc_11"
    },
    "overrides": [
        {
            "predicate": {
                "custom_model_data": 1
            },
            "model": "item/music_disc_Dyzop - LaserDisc"
        },
        {
            "predicate": {
                "custom_model_data": 2
            },
            "model": "item/music_disc_Dyzop - nobody."
        },
        {
            "predicate": {
                "custom_model_data": 3
            },
            "model": "item/music_disc_Dyzop - Coolin'"
        },
        {
            "predicate": {
                "custom_model_data": 4
            },
            "model": "item/music_disc_Dyzop - Digital Drumming"
        },
        {
            "predicate": {
                "custom_model_data": 5
            },
            "model": "item/music_disc_DJ Kychu - Radical Rails"
        },
        {
            "predicate": {
                "custom_model_data": 6
            },
            "model": "item/music_disc_DJ Kychu - Blending In"
        },
        {
            "predicate": {
                "custom_model_data": 7
            },
            "model": "item/music_disc_JamiesName - Pillaged"
        },
        {
            "predicate": {
                "custom_model_data": 8
            },
            "model": "item/music_disc_bling bling - Fort-Stress"
        },
        {
            "predicate": {
                "custom_model_data": 9
            },
            "model": "item/music_disc_M3TA - no"
        }
    ]
}