{
"music_disc.laserdisc": {
    "sounds": [
        {
            "name": "records/laserdisc",
            "stream": true
        }
    ]
},

"music_disc.nobody": {
    "sounds": [
        {
            "name": "records/nobody",
            "stream": true
        }
    ]
},

"music_disc.coolin": {
    "sounds": [
        {
            "name": "records/coolin",
            "stream": true
        }
    ]
},

"music_disc.digitaldrumming": {
    "sounds": [
        {
            "name": "records/digitaldrumming",
            "stream": true
        }
    ]
},

"music_disc.radicalrails": {
    "sounds": [
        {
            "name": "records/radicalrails",
            "stream": true
        }
    ]
},

"music_disc.blendingin": {
    "sounds": [
        {
            "name": "records/blendingin",
            "stream": true
        }
    ]
},

"music_disc.pillaged": {
    "sounds": [
        {
            "name": "records/pillaged",
            "stream": true
        }
    ]
},

"music_disc.fortstress": {
    "sounds": [
        {
            "name": "records/fortstress",
            "stream": true
        }
    ]
},

"music_disc.distantlibrary": {
    "sounds": [
        {
            "name": "records/distantlibrary",
            "stream": true
        }
    ]
}
}